,id
0,37i9dQZF1DXcBWIGoYBM5M
1,37i9dQZF1DX0XUsuxWHRQd
2,37i9dQZF1DX1lVhptIYRda
3,37i9dQZF1DX10zKzsJ2jva
4,37i9dQZF1DX4JAvHpjipBk
5,37i9dQZF1DX4sWSpwq3LiO
6,37i9dQZF1DX4SBhb3fqCJd
7,37i9dQZF1DWXRqgorJj26U
8,37i9dQZF1DX4dyzvuaRJ0n
9,37i9dQZF1DXcF6B6QPhFDv
10,37i9dQZF1DWXJfnUiYjUKT
11,37i9dQZF1DXcRXFNfZr7Tp
12,37i9dQZF1DX4o1oenSJRJd
13,37i9dQZF1DXbTxeAdrVG2l
14,37i9dQZF1DX4UtSsGT1Sbe
15,37i9dQZF1DWTJ7xPn4vNaz
16,37i9dQZF1DXaKIA8E7WcJj
17,37i9dQZF1DWSV3Tk4GO2fq
18,37i9dQZF1DWTwnEm1IYyoj
19,37i9dQZF1DX2A29LI7xHn1
20,37i9dQZF1DX2RxBh64BHjQ
21,37i9dQZF1DWVA1Gq4XHa6U
22,37i9dQZF1DWY4xHQp97fN6
23,37i9dQZF1DWX3387IZmjNa
24,37i9dQZF1DWYkaDif7Ztbp
25,37i9dQZF1DX5hR0J49CmXC
26,37i9dQZF1DXan38dNVDdl4
27,37i9dQZF1DWSvKsRPPnv5o
28,37i9dQZF1DWUVpAXiEPK8P
29,37i9dQZF1DX0Tkc6ltcBfU
30,37i9dQZF1DX1YPTAhwehsC
31,37i9dQZF1DWTggY0yqBxES
32,37i9dQZF1DX0HRj9P7NxeE
33,37i9dQZF1DWT6SJaitNDax
34,37i9dQZF1DX2r0FByV5U4C
35,37i9dQZF1DWT2jS7NwYPVI
36,37i9dQZF1DX82GYcclJ3Ug
37,37i9dQZF1DX49jUV2NfGku
38,37i9dQZF1DX1Jg9KZ76Rr9
39,37i9dQZF1DX8FwnYE6PRvL
40,37i9dQZF1DX6mvEU1S6INL
41,37i9dQZF1DX2SK4ytI2KAZ
42,37i9dQZF1DWZkHEX2YHpDV
43,37i9dQZF1DWWJOmJ7nRx0C
44,37i9dQZF1DZ06evO1nTCV2
45,37i9dQZF1DZ06evO4m87u0
46,37i9dQZF1DZ06evO2CLCA8
47,37i9dQZF1DZ06evO3M0Fbi
48,37i9dQZF1DZ06evO0EhHXi
49,37i9dQZF1DZ06evO4nBpII
50,37i9dQZF1DWSIO2QWRavWZ
51,37i9dQZF1DWSRMdeGCgprt
52,37i9dQZF1DX8tZsk68tuDw
53,37i9dQZF1DXcZDD7cfEKhW
54,37i9dQZF1DX0BcQWzuB7ZO
55,37i9dQZF1DXa8NOEUWPn9W
56,37i9dQZF1DXa41CMuUARjl
57,37i9dQZF1DX0hvSv9Rf41p
58,37i9dQZF1DWXLeA8Omikj7
59,37i9dQZF1DX0r3x8OtiwEM
60,37i9dQZF1DX6VdMW310YC7
61,37i9dQZF1DX8a1tdzq5tbM
62,37i9dQZF1DX5GiUwx1edLZ
63,37i9dQZF1DXdgz8ZB7c2CP
64,37i9dQZF1DXaXB8fQg7xif
65,37i9dQZF1DX2TRYkJECvfC
66,37i9dQZF1DX32NsLKyzScr
67,37i9dQZF1DWTfrr8pte1rT
68,37i9dQZF1DX0pH2SQMRXnC
69,37i9dQZF1DWSf2RDTDayIx
70,37i9dQZF1DX4eRPd9frC1m
71,37i9dQZF1DX8CopunbDxgW
72,37i9dQZF1DWVY4eLfA3XFQ
73,37i9dQZF1DX6GJXiuZRisr
74,37i9dQZF1DX2pprEpa9URZ
75,37i9dQZF1DX2VvACCrgjrt
76,37i9dQZF1DX1tW4VlEfDSS
77,37i9dQZF1DWUq3wF0JVtEy
78,37i9dQZF1DWYzMfRQj22Nd
79,37i9dQZF1DX91oIci4su1D
80,37i9dQZF1DX1OIMC8iDi74
81,37i9dQZF1DWSrVdvTl1tVY
82,37i9dQZF1DWSRc3WJklgBs
83,37i9dQZF1DX5Q27plkaOQ3
84,37i9dQZF1DX3FNkD0kDpDV
85,37i9dQZF1DX3XjJqhm9fqD
86,37i9dQZF1DX7nGw3hwYw03
87,37i9dQZF1DWZUWZIwpqsT3
88,37i9dQZF1DWW3gTjSx5Dc7
89,37i9dQZF1DWY1XXKzcWtF3
90,37i9dQZF1DX94qaYRnkufr
91,37i9dQZF1DZ06evO3j5vfW
92,37i9dQZF1DX2kvBlhyEkb6
93,37i9dQZF1DX37CqNpZIOOZ
94,37i9dQZF1DX5ZPNS2aXuN4
95,37i9dQZF1DX1tT8vLysk8r
96,37i9dQZF1DX5M3XSYkKZCl
97,37i9dQZF1DXaQQM8OxjxoC
98,37i9dQZF1DX6Hln2awUHXX
99,37i9dQZF1DWVTUSNpU0pKJ
100,37i9dQZF1DZ06evO49hLQA
101,37i9dQZF1DWZUozJiHy44Y
102,37i9dQZF1DZ06evO3WooFO
103,37i9dQZF1DX177vQ7mVRmP
104,37i9dQZF1DWWxPM4nWdhyI
105,37i9dQZF1DWVstK6FYh8Nw
106,37i9dQZF1DX3Csy1LFxjkI
107,37i9dQZF1DWYrlaUEYy4Vg
108,37i9dQZF1DXc2aPBXGmXrt
109,37i9dQZF1DXc7FZ2VBjaeT
110,37i9dQZF1DZ06evO0yp56w
111,37i9dQZF1DX8OYzU0lx5hL
112,37i9dQZF1DWThFkopzOaNW
113,37i9dQZF1DX6p4TJxzMRDe
114,37i9dQZF1DXbZBKpgxsyXU
115,37i9dQZF1DX6JzJ8vAK836
116,37i9dQZF1DZ06evO19s0CZ
117,37i9dQZF1DX6bnzK9KPvrz
118,37i9dQZF1DZ06evO02Y0rS
119,37i9dQZF1DZ06evO1S7maQ
120,37i9dQZF1DWZAkrucRF6Gq
121,37i9dQZF1DX7VulteLVOkq
122,37i9dQZF1DX7QOv5kjbU68
123,37i9dQZF1DWY24WaVcCqqH
124,37i9dQZF1DWXDAhqlN7e6W
125,37i9dQZF1DWYEHBVWXZn8H
126,37i9dQZF1DWWhBhYl3ZMvY
127,37i9dQZF1DX8IAL5KfmFJA
128,37i9dQZF1DX5WbJFtYTzv7
129,37i9dQZF1DWWUJdr9ahsbf
130,37i9dQZF1DX9AFOBBZSMWw
131,37i9dQZF1DX4c84KflUhSt
132,37i9dQZF1DX4s3V2rTswzO
133,37i9dQZF1DWXjj6kdiviS0
134,37i9dQZF1DWVx3vT1QCKCV
135,2NFOUmp2wyR5CrXtKDkUkB
136,1o2bTwofazfzElA5mXGf2t
137,6cdV0hVW2suJaMOxzwE46S
138,2uhsnHgI4F2eFyvoMHY0GR
139,2uVP1agvV5rba3MqLQ0pzy
140,37i9dQZF1DX3BqHI5fuXWV
141,0BbcjurkvWrkWxKKLzcqIP
142,37i9dQZF1DX2mmt7R81K2b
143,44XJR1i3Vl2B3acOEYwinE
144,37i9dQZF1DWVV27DiNWxkR
145,2YeGkAUQhmO8TCjSMbFYWf
146,37i9dQZF1DWTwzVdyRpXm1
147,0op6xwVK9pVhcxozSQPEsJ
148,2Ph68VcwRfqRdnrKhY3oPS
149,2VxQy0Q22k1gP542tzaMCN
150,37i9dQZF1DX56qfiUZBncF
151,37i9dQZF1DXb9LIXaj5WhL
152,37i9dQZF1DXdd3gw5QVjt9
153,37i9dQZF1DWXmlLSKkfdAk
154,37i9dQZF1DX571ttkrxAeN
155,0pHFNRP8qkYhal0q0Irp6D
156,7pD7pMFxcq8agMXqLQCggM
157,0XDRWlx2B1C1OXlaLlld8t
158,67uEKAhAdvMJvumeC8ZgjB
159,37i9dQZF1DWWoCDtOBjhpE
160,37i9dQZF1DWZqyWCBK6QTt
161,0fmNiEOXSfBfurQwf4gG5L
162,7g3zHOim2XylTlM7Oittr8
163,2O0Nf9Mi5tM17PM7Ns6Fgu
164,37i9dQZF1DXboQCHLEaHcr
165,37i9dQZF1DWWAqc46ZJdZf
166,37i9dQZF1DWY7uXxMycXfq
167,37i9dQZF1DXbWHkfjljXoE
168,1HdxEroWca3L8JR3lvnolH
169,1zriHsmiRJmTThtQk8UWPk
170,57clV3IPw1TXSWdzzDVDwp
171,37i9dQZF1DWSKpvyAAcaNZ
172,37i9dQZF1DX2ULa1Ss8vbo
173,37i9dQZF1DX4nYqGKSH0ld
174,79sVcfxVNazjyK2iBY9l3q
175,37i9dQZF1DX17dmzi8A5FV
176,37i9dQZF1DX4WYpdgoIcn6
177,37i9dQZF1DX6xOPeSOGone
178,37i9dQZF1DWSiyIBdVQrkk
179,3QAT1vJA7CAIHIRP9Gkyqj
180,2wqwH7uKckoLe7UVTx1RfO
181,37i9dQZF1DXd4hrw8K7Pxm
182,37i9dQZF1DXaImRpG7HXqp
183,37i9dQZF1DX0JKUIfwQSJh
184,1uIp2WHCf6ODHxHRPmjWG5
185,6jUFiT3D8f4Rt9n6UnC1aB
186,37i9dQZF1DXdNHhNNm0G0B
187,37i9dQZF1DXdbkmlag2h7b
188,37i9dQZF1DX5Q5wA1hY6bS
189,37i9dQZF1DXb6LkIGouseT
190,37i9dQZF1DXaw68inx4UiN
191,37i9dQZF1DX4aYNO8X5RpR
192,37i9dQZF1DX2mFmJUZg4Mp
193,4Buj61XKuhfVLsW8rPX8YQ
194,6QAwHYtCdTdrgX6wh1iE9H
195,37i9dQZF1DX4VvfRBFClxm
196,4qq3MCSLrDgYx7RfJBDvij
197,6YMK6nqc1jS11fGraCU1o2
198,37i9dQZF1DWTRnup1IgL4a
199,4MLFX9OXy9ncfBlTfei9Ok
200,37i9dQZF1DX6Cy4Vr7Hu2y
201,37i9dQZF1DX4OyEPaWHBdk
202,37i9dQZF1DX5eq3AONkaho
203,37i9dQZF1DXdR77H5Z8MIM
204,37i9dQZF1DX8eqay1FtdMm
205,37i9dQZF1DWXaehqeJpkro
206,37i9dQZF1DWTTHy0vndijk
207,37i9dQZF1DX1lU51fgoMhF
208,37i9dQZF1DX4IDaXtVjL83
209,37i9dQZF1DWWjGdmeTyeJ6
210,37i9dQZF1DX6bBjHfdRnza
211,37i9dQZF1DX8C585qnMYHP
212,37i9dQZF1DX3u9TSHqpdJC
213,37i9dQZF1DWW4igXXl2Qkp
214,37i9dQZF1DX78toxP7mOaJ
215,37i9dQZF1DXao0JEaClQq9
216,37i9dQZF1DXc8kgYqQLMfH
217,37i9dQZF1DX0SM0LYsmbMT
218,37i9dQZF1DXbXD9pMSZomS
219,37i9dQZF1DWUraJYejk11q
220,37i9dQZF1DX2I7Ykltk83m
221,37i9dQZF1DX5YyEO1dtgbR
222,37i9dQZF1DX3nNRJvSufrk
223,37i9dQZF1DWVGy1YP1ojM5
224,37i9dQZF1DX0dU0Z2LOkZN
225,37i9dQZF1DWYoYGBbGKurt
226,37i9dQZF1DWZqUHC2tviPw
227,3g2dsbLbtpOz0Gpo4W50QK
228,2PE0DbAlT8ZFiiYaCsCm4Q
229,7EhO7YjjFdrNRtTHcRrnnQ
230,7GSt7smvMMAiOFmPJ17jEf
231,6c1DPPuq4eNKcS2usgij9m
232,2XFhZrcFAFFvBLjRQrw9wI
233,48GGszBLm7kS5D1xJuMnxD
234,41YL3HcXd3zTXa1rMZY5uR
235,3nT5EK7WTRbRZ5vtWg5irD
236,0sbkEFgqbA3Jjot2lbqsyx
237,1xZ87c95aRIeyvqVoKCtdM
238,09D0CKBRWkBBoPn46V6YTO
239,5xAfItDaeAViBRNdSuQ7ZG
240,1DcArrb34m9SS3o8O2dATX
241,5WUFWhGRVpi4ED9QpK2hOF
242,78UTV8Gw5bHpyWc65qR4Px
243,67FrRIrS2v0WAs8yE2JTUM
244,3axv4DMbWHWf7uxOPB1I7K
245,2cIkPMesqdx5VV6IAvX9bE
246,05dTMGk8MjnpQg3bKuoXcc
247,2xtEcvpPTus59Ppa0fv3xP
248,4j0G7LOHRpKYDDXa8lxUik
249,5Co3nToduGTXXF1ra9gXB3
